<?xml version="1.0" encoding="UTF-8"?>
<!--
/**
* @author Visions Team
* @package Visions_CategoryLinks
*
*/
-->
<widgets xmlns:xsi="http://www.w3.org/2001/XMLSchema-instance" xsi:noNamespaceSchemaLocation="urn:magento:module:Magento_Widget:etc/widget.xsd">
    <widget id="Visions_CategoryLinks" class="Visions\CategoryLinks\Block\Widget\Showcategories">
        <label translate="true">Category Listing</label>
        <description>Displayed in home page</description>
        <parameters>
            <parameter name="categoryids" xsi:type="text"  visible="true" sort_order="1" >
                <label translate="true">Category Ids</label>
                <description>Enter category Ids to display in home page. eg, 1,2,3</description>
            </parameter>
        </parameters>
    </widget>
</widgets>